_id,name,description,timestamp
ObjectId(5bea1ae59ed97a0420f8a498),storage,,2018-11-13T00:06:55.956Z
ObjectId(5bea1ae59ed97a0420f8a499),exchanges,,2018-11-13T00:06:55.956Z
ObjectId(5bea1ae59ed97a0420f8a49a),finance,,2018-11-13T00:06:55.956Z
ObjectId(5bea1ae59ed97a0420f8a49b),games,,2018-11-13T00:06:55.956Z
ObjectId(5bea1ae59ed97a0420f8a49c),gambling,,2018-11-13T00:06:55.956Z
ObjectId(5bea1ae59ed97a0420f8a49d),social,,2018-11-13T00:06:55.956Z
ObjectId(5bea1ae59ed97a0420f8a49e),wallet,,2018-11-13T00:06:55.956Z
ObjectId(5bea1ae69ed97a0420f8a49f),property,,2018-11-13T00:06:55.956Z
ObjectId(5bea1ae69ed97a0420f8a4a0),media,,2018-11-13T00:06:55.956Z
ObjectId(5bea1ae69ed97a0420f8a4a1),development,,2018-11-13T00:06:55.956Z
ObjectId(5bea1ae69ed97a0420f8a4a2),identity,,2018-11-13T00:06:55.956Z
ObjectId(5bea1ae69ed97a0420f8a4a3),governance,,2018-11-13T00:06:55.956Z
ObjectId(5bea1ae69ed97a0420f8a4a4),security,,2018-11-13T00:06:55.956Z
ObjectId(5bea1ae69ed97a0420f8a4a5),insurance,,2018-11-13T00:06:55.956Z
ObjectId(5bea1ae79ed97a0420f8a4a6),health,,2018-11-13T00:06:55.956Z
ObjectId(5bea1ae79ed97a0420f8a4a7),energy,,2018-11-13T00:06:55.956Z
ObjectId(5bea1b6841bd5ece46ad1fc6),market,,2018-11-13T00:06:55.956Z
ObjectId(5bea1b7241bd5ece46ad1fc7),js,,2018-11-13T00:06:55.956Z
ObjectId(5bea1b7a41bd5ece46ad1fc8),openapi,,2018-11-13T00:06:55.956Z
ObjectId(5beb383241bd5ece46ad1fc9),solidity,,2018-11-13T00:06:55.956Z
ObjectId(5beb383c41bd5ece46ad1fca),auction,,2018-11-13T00:06:55.956Z
